{
  "n": 24000,
  "model": "vit_base_patch16_clip_224.openai",
  "feat_dim": 768,
  "loto_linear": {
    "mean_auc": 0.6862423090277777,
    "mean_freuid": 0.8240470344572692,
    "per_type": {
      "BENIN/DL": {
        "auc": 0.5388263888888889,
        "freuid": 0.9661009658728666
      },
      "EGYPT/DL": {
        "auc": 0.6518598090277776,
        "freuid": 0.9202026236645118
      },
      "GUINEA/DL": {
        "auc": 0.847842361111111,
        "freuid": 0.5563632958843969
      },
      "MAURITIUS/ID": {
        "auc": 0.8055860243055555,
        "freuid": 0.7255261351514184
      },
      "MOZAMBIQUE/DL": {
        "auc": 0.5870969618055556,
        "freuid": 0.9520421517131525
      }
    }
  },
  "loto_gbm": {
    "mean_auc": 0.6223826736111111,
    "mean_freuid": 0.8873433130074357,
    "per_type": {
      "BENIN/DL": {
        "auc": 0.5308550347222223,
        "freuid": 0.9827837718230023
      },
      "EGYPT/DL": {
        "auc": 0.5433546874999999,
        "freuid": 0.9371867760683144
      },
      "GUINEA/DL": {
        "auc": 0.7461243055555555,
        "freuid": 0.8281888625939721
      },
      "MAURITIUS/ID": {
        "auc": 0.8217199652777778,
        "freuid": 0.7041281305647269
      },
      "MOZAMBIQUE/DL": {
        "auc": 0.46985937499999997,
        "freuid": 0.9844290239871626
      }
    }
  },
  "refs": {
    "scalar_forensics_auc": 0.452,
    "spectral_best_auc": 0.646,
    "npr_auc": 0.53
  }
}