{
  "n": 13,
  "dim": 512,
  "projection": "UMAP",
  "loo_knn_label_accuracy": 0.7692307692307693,
  "label_silhouette": -0.028390683233737946,
  "kmeans": {
    "k": 5,
    "silhouette": 0.5361450910568237,
    "labels": [
      0,
      1,
      2,
      3,
      0,
      4,
      3,
      4,
      3,
      1,
      2,
      4,
      1
    ]
  },
  "hdbscan": {
    "n_clusters": 3,
    "n_noise": 2,
    "labels": [
      -1,
      2,
      1,
      0,
      -1,
      1,
      0,
      1,
      0,
      2,
      1,
      1,
      2
    ]
  }
}