{
  "best": {
    "epoch": 2,
    "audet": 4.590573323260304e-06,
    "metrics": {
      "val": {
        "freuid": 2.2952919299656926e-06,
        "audet": 4.590573323260304e-06,
        "apcer_at_1pct_bpcer": 0.0
      }
    }
  },
  "use_fusion": false,
  "tag": "nofusion_all_noaug_s2_pl"
}