{
  "best": {
    "epoch": 1,
    "audet": 0.00015173484323847898,
    "metrics": {
      "val": {
        "freuid": 7.587317792157044e-05,
        "audet": 0.00015173484323847898,
        "apcer_at_1pct_bpcer": 0.0
      }
    }
  },
  "use_fusion": false,
  "tag": "nofusion_all_noaug_s2"
}