{
  "best": {
    "epoch": 0,
    "audet": 2.459235708889449e-07,
    "metrics": {
      "val": {
        "freuid": 1.2296180051940553e-07,
        "audet": 2.459235708889449e-07,
        "apcer_at_1pct_bpcer": 0.0
      }
    }
  },
  "use_fusion": false,
  "tag": "nofusion_all_noaug_s1_pl"
}