{
  "best": {
    "epoch": 1,
    "audet": 3.251956376956377e-07,
    "metrics": {
      "val": {
        "freuid": 1.6259784529903953e-07,
        "audet": 3.251956376956377e-07,
        "apcer_at_1pct_bpcer": 0.0
      },
      "test": {
        "freuid": 0.010532530416305641,
        "audet": 0.0018867134895380632,
        "apcer_at_1pct_bpcer": 0.019029850746268655
      }
    }
  },
  "use_fusion": false,
  "tag": "nofusion_loto_MAURITIUS-ID_noaug_s4"
}