{
  "best": {
    "epoch": 0,
    "audet": 5.1971847981197014e-05,
    "metrics": {
      "val": {
        "freuid": 2.5986599276439648e-05,
        "audet": 5.1971847981197014e-05,
        "apcer_at_1pct_bpcer": 0.0
      }
    }
  },
  "use_fusion": false,
  "tag": "nofusion_all_noaug_s3"
}