{
  "best": {
    "epoch": 2,
    "audet": 1.2296178544447243e-06,
    "metrics": {
      "val": {
        "freuid": 6.148093052438242e-07,
        "audet": 1.2296178544447243e-06,
        "apcer_at_1pct_bpcer": 0.0
      }
    }
  },
  "use_fusion": false,
  "tag": "nofusion_all_heavy"
}