{
  "best": {
    "epoch": 0,
    "audet": 9.017197599261311e-07,
    "metrics": {
      "val": {
        "freuid": 4.508600832675569e-07,
        "audet": 9.017197599261311e-07,
        "apcer_at_1pct_bpcer": 0.0
      }
    }
  },
  "use_fusion": false,
  "tag": "nofusion_all_noaug_s0"
}