{
  "best": {
    "epoch": 1,
    "audet": 1.6394904725929658e-07,
    "metrics": {
      "val": {
        "freuid": 8.197453038594205e-08,
        "audet": 1.6394904725929658e-07,
        "apcer_at_1pct_bpcer": 0.0
      }
    }
  },
  "use_fusion": false,
  "tag": "nofusion_all_scanned"
}