{
  "n_images": 13,
  "n_corrupt": 0,
  "corrupt_files": [],
  "formats": {
    "JPEG": 13
  },
  "modes": {
    "RGB": 13
  },
  "orientations": {
    "landscape": 13
  },
  "width": {
    "min": 840.0,
    "p25": 840.0,
    "median": 1000.0,
    "p75": 1584.0,
    "max": 1585.0,
    "mean": 1135.7692307692307
  },
  "height": {
    "min": 530.0,
    "p25": 530.0,
    "median": 630.0,
    "p75": 1000.0,
    "max": 1000.0,
    "mean": 716.5384615384615
  },
  "aspect": {
    "min": 1.584,
    "p25": 1.5849,
    "median": 1.5849,
    "p75": 1.585,
    "max": 1.5873,
    "mean": 1.5851615384615383
  },
  "megapixels": {
    "min": 0.445,
    "p25": 0.445,
    "median": 0.63,
    "p75": 1.584,
    "max": 1.585,
    "mean": 0.8832307692307692
  },
  "bytes": {
    "min": 122096.0,
    "p25": 239036.0,
    "median": 275929.0,
    "p75": 292108.0,
    "max": 338191.0,
    "mean": 257084.23076923078
  },
  "bytes_per_pixel": {
    "min": 0.149,
    "p25": 0.1843,
    "median": 0.2005,
    "p75": 0.6534,
    "max": 0.7596,
    "mean": 0.4102307692307693
  }
}