{
  "n": 24000,
  "model": "vit_base_patch16_clip_224.openai",
  "loto": {
    "global_cls": {
      "mean_auc": 0.6862423090277777,
      "mean_freuid": 0.8240470344572692,
      "per_type": {
        "BENIN/DL": {
          "auc": 0.5388263888888889,
          "freuid": 0.9661009658728666
        },
        "EGYPT/DL": {
          "auc": 0.6518598090277776,
          "freuid": 0.9202026236645118
        },
        "GUINEA/DL": {
          "auc": 0.847842361111111,
          "freuid": 0.5563632958843969
        },
        "MAURITIUS/ID": {
          "auc": 0.8055860243055555,
          "freuid": 0.7255261351514184
        },
        "MOZAMBIQUE/DL": {
          "auc": 0.5870969618055556,
          "freuid": 0.9520421517131525
        }
      }
    },
    "anomaly": {
      "mean_auc": 0.4365584375,
      "mean_freuid": 0.9837052953779407,
      "per_type": {
        "BENIN/DL": {
          "auc": 0.4963138020833333,
          "freuid": 0.9892836233634498
        },
        "EGYPT/DL": {
          "auc": 0.4109204861111111,
          "freuid": 0.9828648789528552
        },
        "GUINEA/DL": {
          "auc": 0.3837176215277778,
          "freuid": 0.9877003332209242
        },
        "MAURITIUS/ID": {
          "auc": 0.4082838541666667,
          "freuid": 0.9901209826310109
        },
        "MOZAMBIQUE/DL": {
          "auc": 0.48355642361111106,
          "freuid": 0.9685566587214638
        }
      }
    },
    "clip_npr": {
      "mean_auc": 0.4956590625,
      "mean_freuid": 0.9798184102995109,
      "per_type": {
        "BENIN/DL": {
          "auc": 0.4470934895833334,
          "freuid": 0.9892963443179512
        },
        "EGYPT/DL": {
          "auc": 0.5953761284722222,
          "freuid": 0.9892643391995611
        },
        "GUINEA/DL": {
          "auc": 0.5002389756944444,
          "freuid": 0.9523798561046448
        },
        "MAURITIUS/ID": {
          "auc": 0.43803602430555555,
          "freuid": 0.9917451872139235
        },
        "MOZAMBIQUE/DL": {
          "auc": 0.49755069444444444,
          "freuid": 0.976406324661474
        }
      }
    },
    "local_all": {
      "mean_auc": 0.4611059548611111,
      "mean_freuid": 0.9720450230489239,
      "per_type": {
        "BENIN/DL": {
          "auc": 0.4921239583333334,
          "freuid": 0.9925567182207283
        },
        "EGYPT/DL": {
          "auc": 0.4231970486111111,
          "freuid": 0.989303570295423
        },
        "GUINEA/DL": {
          "auc": 0.47487300347222217,
          "freuid": 0.9054529169373007
        },
        "MAURITIUS/ID": {
          "auc": 0.4114097222222223,
          "freuid": 0.9893074463570722
        },
        "MOZAMBIQUE/DL": {
          "auc": 0.5039260416666667,
          "freuid": 0.9836044634340955
        }
      }
    },
    "global_plus_local": {
      "mean_auc": 0.6798877430555557,
      "mean_freuid": 0.829878250375511,
      "per_type": {
        "BENIN/DL": {
          "auc": 0.5273631076388889,
          "freuid": 0.9755788516547923
        },
        "EGYPT/DL": {
          "auc": 0.6378234375,
          "freuid": 0.9336414155280361
        },
        "GUINEA/DL": {
          "auc": 0.8455861111111111,
          "freuid": 0.5557644856424653
        },
        "MAURITIUS/ID": {
          "auc": 0.8040048611111111,
          "freuid": 0.7261913514459689
        },
        "MOZAMBIQUE/DL": {
          "auc": 0.5846611979166667,
          "freuid": 0.9582151476062923
        }
      }
    }
  },
  "refs": {
    "global_clip_auc": 0.686,
    "spectral_auc": 0.646
  }
}