{
  "n": 3000,
  "crop": 256,
  "loto": {
    "stats": {
      "auc": 0.51868,
      "freuid": 0.9746908439903953
    },
    "radial": {
      "auc": 0.49294222222222217,
      "freuid": 0.9682062019516138
    },
    "downsampled": {
      "auc": 0.5257777777777777,
      "freuid": 0.9560172367120009
    },
    "combined": {
      "auc": 0.5099577777777777,
      "freuid": 0.9575531817986628
    }
  },
  "refs": {
    "scalar_forensics_auc": 0.452,
    "spectral_best_auc": 0.646
  }
}