{
  "n": 24000,
  "n_feat": 27,
  "loto": {
    "mean_auc": 0.657170451388889,
    "mean_freuid": 0.7735765010609901,
    "per_type": {
      "BENIN/DL": {
        "auc": 0.5869988715277777,
        "freuid": 0.9739255981751996
      },
      "EGYPT/DL": {
        "auc": 0.6862842881944444,
        "freuid": 0.7521287681289277
      },
      "GUINEA/DL": {
        "auc": 0.5705133680555555,
        "freuid": 0.9180137192781178
      },
      "MAURITIUS/ID": {
        "auc": 0.9420557291666667,
        "freuid": 0.22381441972270522
      },
      "MOZAMBIQUE/DL": {
        "auc": 0.5,
        "freuid": 1.0
      }
    }
  },
  "refs": {
    "scalar": 0.452,
    "spectral": 0.646,
    "clip": 0.686
  }
}