{
  "n": 69352,
  "S": 256,
  "device": "cuda",
  "cross_type_diff_corr": [
    [
      1.0,
      0.039190862279882506,
      0.04709846904799889,
      0.054446739068551006,
      0.050741307270639406
    ],
    [
      0.039190862279882506,
      1.0,
      0.10166257049343091,
      0.08229427612499159,
      0.05421354816969161
    ],
    [
      0.04709846904799889,
      0.10166257049343091,
      1.0,
      0.09204051117616972,
      0.009813253627848047
    ],
    [
      0.054446739068551006,
      0.08229427612499159,
      0.09204051117616972,
      1.0,
      0.08945888017323417
    ],
    [
      0.050741307270639406,
      0.05421354816969161,
      0.009813253627848047,
      0.08945888017323417,
      1.0
    ]
  ],
  "diff_types": [
    "BENIN/DL",
    "EGYPT/DL",
    "GUINEA/DL",
    "MAURITIUS/ID",
    "MOZAMBIQUE/DL"
  ],
  "mean_offdiag_corr": 0.06209604174324379,
  "loto_radial": {
    "auc": 0.6304642935085231,
    "freuid": 0.8924527329560596
  },
  "loto_downsampled_spectrum": {
    "auc": 0.6455937489850685,
    "freuid": 0.8430864880031583
  },
  "scalar_forensics_loto_auc_ref": 0.452
}